question,explication
What are two responsibilities that you will have as a British citizen or permanent resident of the UK?,"If you wish to be a permanent resident or citizen of the UK, you should:look after yourself and your family, look after the area in which you live and the environment, respect and obey the law, respect the rights of others, including their right to their own opinions and treat others with fairness."
Where is Big Ben located?,Big Ben is the nickname for the great bell of the clockat the Houses of Parliament in London.
When were men and women given the right to vote at the age of 21?,"In1928, women were given the right to vote at the age of 21, the same as men."
Where is the UK geographically located?,The UK is located in thenorth west of Europe.
Who is the patron Saint of Scotland?,The patron Saint of Scotland isSt Andrew.
Which two houses fought in the Wars of the Roses?,The Wars of the Roses were fought between the supporters of two families:the House of Lancaster and the House of York.
The Bill of Rights of 1689 confirmed the right to vote for all adult men.,"False. The Bill of Rights, 1689, confirmed the rights of Parliament and the limits of the king’s power."
What is the Cenotaph?,"The Cenotaph isa war memorialand it is the site of the annual Remembrance Day service attended by the King, politicians and foreign ambassadors."
Who was the first female Prime Minister of the UK?,Margaret Thatcherwas the first woman Prime Minister of the UK.
Who chairs the debates at the House of Commons?,Debates in the House of Commons are chaired bythe Speaker.
Who was the captain of the English football team that won the World Cup in 1966?,Bobby Moorecaptained the English football team that won the World Cup in 1966.
When did the English defeat the Spanish Armada?,In1588the English defeated the Spanish Armada.
Anyone can make a complaint about the police by writing to the Chief Constable of the police force involved.,This statement isTRUE.
What is the minimum age required to serve on a jury?,Anyone who is on the electoral register and is aged18to 70 can be asked to serve on a jury.
How is a jury selected?,"As well as getting the right to vote,people on the electoral register are randomly selectedto serve on a jury. Anyone who is on the electoral register and is aged 18 to 70 can be asked to do this."
What is a bank holiday?,"There are public holidays each year called bank holidays,when banks and many other businesses are closed for the day."
What will you be given to vote before a general election takes place?,Before the election you will be sent apoll card.
Which of the following statements is correct?,Solicitors’ charges are usually based on how much time they spend of a case.
"By law, which TWO types of media have to give a balanced coverage of all political parties and equal time to rival viewpoints before an election?","By law,radio and televisioncoverage of the political parties must be balanced and so equal time has to be given to rival viewpoints."
Which of the following territories is a Crown dependency but is NOT part of the UK?,"The Channel Islandsis a British overseas territory linked to the UK, but it is not part of it."
What did Sir Frank Whittle invent in the 1930s?,Thejet enginewas developed in Britain in the 1930s bySir Frank Whittle.
Who wrote ‘The Daffodils’?,The British poetWilliam Wordsworthwrote ‘The Daffodils’.
Who was given the title of Lord Protector?,Oliver Cromwellwas given the title of Lord Protector and ruled until his death in 1658.
What are the 40 days before Easter called?,The 40 days before Easter are known asLent.
What is the Home Secretary responsible for?,"The Home Secretary is responsible forcrime, policing and immigration."
St Helena is a British overseas territory and it is part of the United Kingdom.,"British overseas territories, such as St Helena and the Falkland Islands are linked to the UK but arenot part of it."
Several Church of England bishops sit in the House of Lords.,This statement istrue.
"When walking your dog in a public place, you must ensure:",All dogs in public places must weara collar showing the name and address of the owner.
Women over the age of 30 were given the right to vote as a result of their contribution towards the war effort. Which war was that?,"In 1918, women over the age of 30 were given voting rights and the right to stand for Parliament, partly in recognition of the contribution women made to the war effort during theFirst World War."
When did Ireland become a republic?,Ireland became a republic in1949.
Where did the first farmers come from?,"The first farmers arrived in Britain 6,000 years ago. The ancestors of these first farmers probably came fromsouth-east Europe."
Who was an important contributor to the ‘pop art’ movement of the 1960’s?,David Hockneywas an important contributor to the ‘pop art’ movement of the 1960s and continues to be influential today.
Who became Prime Minister and was an inspirational leader to the British people during WWII?,Winston Churchill.
Who led the first invasion of Britain?,"Julius Caesarled a Roman invasion of Britain in 55 BC. This was unsuccessful and for nearly 100 years Britain remained separate from the Roman Empire. In AD 43 the Emperor Claudius led the Roman army in a new invasion. This time, there was resistance from some of the British tribes but the Romans were successful in occupying almost all of Britain."
Under which king did the Anglo-Saxon kingdoms in England unite to defeat the Vikings?,"The Anglo-Saxon kingdoms in England united underKing Alfred the Great, who defeated the Vikings."
When was the Magna Carta created?,The Magna Carta was created in1215.
"Northern Ireland has its own banknotes, which are valid everywhere in the UK.",This statement istrue.
Which of the following plays was written by William Shakespeare?,William Shakespeare’s most famous plays includeA Midsummer Night’s dream.
"How many members does a jury have in England, Wales and Northern Ireland?","In England, Wales and Northern Ireland a jury has12 members."
Which two of the following religious communities celebrate Diwali?,Diwali is celebrated byHindus and Sikhs.
What is Good Friday?,Good Fridaymarks the death of Jesus Christduring the Easter.
St Patrick’s day is a public holiday in Northern Ireland.,True. Only Scotland and Northern Ireland have their patron saint’s day as an official holiday (although in Scotland not all businesses and offices will close).
Which was the last successful foreign invasion of England that took place in 1066?,The Norman Conquestwas the last successful foreign invasion of England in 1066.
Where are the Crown Jewels kept?,The Crown Jewels are kept atthe Tower of London.
Which sport can be traced back to the 15th century in Scotland?,The modern game ofgolfcan be traced back to 15th century Scotland.
Who was the first person in England to print books using a printing press?,William Caxtonwas the first person in England to print books using a printing press.
"Which court deals with minor criminal cases in England, Wales and Northern Ireland?","In England, Wales and Northern Ireland, most minor criminal cases are dealt with in aMagistrates’ Court. In Scotland, minor criminal offences go to a Justice of the Peace Court."
What did the Scottish John Logie Baird develop?,Thetelevisionwas developed by Scotsman John Logie Baird in the 1920s.
Which of the following is a fundamental principle of British life?,Individual libertyis the correct answer.
Wales has its own established church.,False. There is no established Church in Wales or Northern Ireland.
How is New Year’s Eve called in Scotland?,"In Scotland, the 31st of December (New Year’s Eve) is calledHogmanay."
Why did Henry VIII establish the church of England?,"To divorce his first wife, Henry needed the approval of the Pope. When the Pope refused, Henry established the church of England."
What is the name of the long war that English kings fought with France in the middle ages?,"English kings fought a long war with France, calledthe Hundred Years War(even though it actually lasted 116 years)."
Who was supported by clansmen from the Scottish highlands and raised and army in 1745?,"In 1745 there was another attempt to put a Stuart king back on the throne in place of George I’s son, George II.Charles Edward Stuart (Bonnie Prince Charlie), the grandson of James II, landed in Scotland. He was supported by clansmen from the Scottish highlands and raised and army."
"If you think someone is trying to persuade you to join an extremist or terrorist activity, who should you contact?","If you think someone is trying to persuade you to join an extremist or terrorist cause, you should notify yourlocal police force."
It is compulsory for 16 and 17-year-olds to join the National Citizen Service programme.,"False. The National Citizen Service programme, which gives 16- and 17-year-olds the opportunity to enjoy outdoor activities, develop their skills and take part in a community project. Therefore,it is optional."
What is the name of the tour guides that tell visitors stories about the Tower of London’s history?,"Tours are given at the Tower of London bythe Yeoman Warders, also known as Beefeaters, who tell visitors about the building’s history."
"Which two countries developed the Concorde, the world’s only supersonic commercial airliner?","Britain and Francedeveloped the world’s only supersonic commercial airliner, Concorde."
Where is Snowdonia located?,Snowdonia is inWales.
Who wrote Sherlock Holmes?,Sir Arthur Conan Doyleis the author of Sherlock Holmes.
Which country was invaded by Germany in 1939?,Germany invadedPolandin 1939.
Who is the patron Saint of Wales?,The patron Saint of Wales isSt David.
Lake District is the largest national park of England.,This statement istrue.
What is the name of the area in London where famous theatres are located?,"London’s west end, also known as‘Theatreland’, is particularly well known for its theatres."
Which two of the following are key roles of school governors?,"Governors and school boards have an important part to play in raising school standards. They have three key roles:setting the strategic direction of the school, ensuring accountability andmonitoring and evaluating school performance."
What led the American colonies to want their independence from Britain?,The British government wanted to tax the colonies.
When did the Black Death take place?,In 1348 (Middle Ages)the Black Death came to Britain.
"Who was the leader of the suffragettes, the group that campaigned for women’s rights to vote?",Emmeline Pankhurstwas the leader of the suffragettes.
Cardiff is the capital city of which country?,The capital city ofWalesis Cardiff.
During the Great Depression in the 1930s which industry was badly affected?,During the ‘Great Depression’ in the 1930s the traditional heavy industries such asshipbuildingwere badly affected.
Who was the first man in the world to run 1 mile in under 4 minutes?,"Sir Roger Bannisterwas the first man in the world to run a mile in under four minutes, in 1954."
"Which festival celebrates the end of Ramadan, when Muslims have fasted for a month?","Eid al-Fitrcelebrates the end of Ramadan, when Muslims have fasted for a month."
What was the last battle between Great Britain and France?,"In 1815, the French Wars ended with the defeat of the Emperor Napoleon by the Duke of Wellington atthe Battle of Waterloo."
Which flower is associated with Wales?,The flower associated with Wales is thedaffodil.
"During the reign of Charles II parts of London were destroyed, what was the cause of this destruction?","During Charles II’s reign, a greatfiredestroyed much of the city, including many churches and St Paul’s Cathedral."
How often are general elections held in the UK?,"MPs are elected at a General Election, which is held at leastevery five years."
"Scotland has its own banknotes, which are valid everywhere in the UK.",This statement istrue.
"What charity works to preserve important buildings, coastline and countryside in the UK?","The National Trustis a charity that works to preserve important buildings, coastline and countryside in the UK."
"Great Britain refers only to England, Wales and Scotland.",This statement istrue.
Who was the tribal leader who fought against the Romans?,"One of the tribal leaders who fought against the Romans wasBoudicca, the queen of the Iceni in what is now eastern England."
Who was voted the greatest Briton of all time in 2002?,"Winston Churchillremains a much-admired figure to this day, and in 2002 was voted the greatest Briton of all time by the public."
Which two houses form the UK Parliament?,The UK Parliament is formed of theHouse of Commons and the House of Lords.
When did women get the right to vote at the same age as men?,"In1928, women were given the right to vote at the age of 21, the same as men."
Who is the head of the Church of England?,The monarchis the head of the Church of England.
What sort of event is the Grand National?,The Grand National is ahorse racingevent.
What type of literature are the Canterbury Tales?,Geoffrey Chaucer wrote a series of poems in English about a group of people going to Canterbury on a pilgrimage. Thiscollection of poemsis called The Canterbury Tales.
When is Christmas Day?,Christmas Day is celebrated on the25th of December.
Who supported King Charles I during the Civil War?,During the civil war between the king and Parliament the country split intothose who supported the king (the Cavaliers)and those who supported Parliament (the Roundheads).
What battle is commemorated in the Bayeux Tapestry?,"The Battle of Hastingsis commemorated in a great piece of embroidery, known as the Bayeux tapestry."
"Where was Anne Boleyn, the wife of Henry VIII, executed?",Anne Boleyn was unpopular in the country and was accused of taking lovers. She was executedat the Tower of London.
Racial crime and smoking in public places are examples of:,Racial crime and smoking in public places are examples ofcriminal offences.
What type of character was played by Charlie Chaplin?,Sir Charles (Charlie) Chaplin became famous in silent movies for histramp characterand was one of many British actors to make a career in Hollywood.
You have to be at least 21 years old to stand as MP.,"This statement isfalse. Anyone aged 18 or over can stand for election as an MP but they are unlikely to win unless they have been nominated to represent one of the major political parties. These are the Conservative Party, the Labour Party, the Liberal Democrats, or one of the parties representing Scottish, Welsh or Northern Irish interests."
Who developed the radar?,Sir Robert Watson-Wattdeveloped the radar.
Where is the official home of the Prime Minister?,The official home of the Prime Minister is10 Downing Street.
"By law, which TWO types of media have to give a balanced coverage of all political parties and equal time to rival viewpoints before an election?","By law,radio and televisioncoverage of the political parties must be balanced and so equal time has to be given to rival viewpoints."
When does Easter take place?,Easter takes place inMarch or April.
Which of the following is not a valid UK coin?,There are no25pcoins in the UK currency.
Where is the Eden Project located?,"The Eden Project is located inCornwall, in the south west of England."
St Helena and the Falkland Islands are part of Great Britain.,"False. There are several British overseas territories in other parts of the world, such as St Helena and the Falkland Islands. They are also linked to the UK but arenotpart of it."
Which two of the following are fundamental principles of British life?,"The fundamental principles of British life include:democracy, the rule of law, individual liberty, tolerance of those with different faiths and beliefs and participation in community life."
Where should you register if you want to become part of a jury?,"People on the electoral register are randomly selected to serve on a jury. Therefore, if you want to be selected to form part of a jury you have to be onthe electoral registerand be between 18 to 70 years old."
What sort of church is the Church of Scotland?,"In Scotland, the national Church is the Church of Scotland, which isa Presbyterian Church."
Where does golf come from?,The modern game of golf can be traced back to 15th centuryScotland.
When do the television and newspapers have stories that are jokes until midday?,"On April Fool’s Day, the 1st of April the television and newspapers often have stories that are April Fool jokes."
What king was defeated by Oliver Cromwell during the Civil War and hid in an oak tree before escaping to Europe?,The correct answer isCharles II.
Who was the father of Queen Elizabeth I?,The father of Queen Elizabeth I wasHenry VIII.
Complaints against the police can ONLY be made by writing to the Police Complaints Commissioner.,"False. Anyone can make a complaint about the policeby going to a police station and writing to the Chief Constable of the police force involved.Complaints can also be made to an independent body: the Independent Police Complaints Commission in England and Wales, the Police Complaints Commissioner for Scotland or the Police Ombudsman for Northern Ireland."
Who is the patron Saint of Northern Ireland?,The patron Saint of Northern Ireland isSt Patrick.
"What is the name of the period when new ideas about politics, philosophy and science were developed?","During the 18th century, new ideas about politics, philosophy and science were developed. This is often called‘the Enlightenment’."
Which of the following statements is TRUE:,"Mary Stuart (‘Mary, Queen of Scots’) was aCatholic."
Which of the following is an example of civil law?,Discrimination in the workplaceis an example of civil law.
In which battle did Admiral Nelson die?,Admiral Nelson was in charge of the British fleet at theBattle of Trafalgarand was killed in the battle.
"William of Orange was asked by Protestants to invade England and proclaim himself king. But, when William reached England, there was no resistance and he took over the throne. This event was later known as:","William of Orange was asked by Protestants to invade England and proclaim himself king. When William reached England, there was no resistance and he took over the throne. This event was later calledthe ‘Glorious Revolution’."
What sort of charity is ‘Friends of the Earth’?,Friends of the Earth isan environmental charity.
If a husband forces his wife to have sex he can be charged with rape.,This statement istrue.
In which country of the British Empire did the Boer War (1899-1902) take place?,The Boer War of 1899 to 1902 took place inSouth Africawith settlers from the Netherlands called the Boers.
Which of the following actions is known as “canvassing”?,"Members ofpolitical parties persuade people to vote for their candidates– for instance, by handing out leaflets in the street or by knocking on people’s doors and asking for their support. This is called ‘canvassing’."
Which novel written by JRR Tolkien was voted the country’s best-loved novel in 2003?,"In 2003,the Lord of the Ringsby JRR Tolkien was voted the country’s best-loved novel."
When did Germany invade Poland?,Germany invaded Poland in1939.
As a British citizen what are your responsibilities (choose two answers)?,"If you wish to be a permanent resident or citizen of the UK, you should:respect and obey the law, look after yourself and your family, respect the rights of others, including their right to their own opinions, treat others with fairness and look after the area in which you live and the environment."
Who made the first coins to be minted in Britain?,"Thepeople of the Iron Agemade the first coins to be minted in Britain, some inscribed with the names of Iron Age kings. This marks the beginnings of British history."
Who built the Tower of London?,The correct answer isWilliam the Conqueror.
"There are 15 national parks in England, Wales and Scotland. What are national parks?","National Parks areareas of protected countryside that everyone can visit, and where people live, work and look after the landscape."
Northern Ireland has its own established church.,False. There is no established Church in Wales or Northern Ireland.
Which three territories form Great Britain?,"‘Great Britain’ refers only to England, Scotland and Wales,nottoNorthern Ireland."
How often are ’Prime Minister’s Questions’ held in the parliament?,Prime Minister’s Questions takes placeevery weekwhile Parliament is sitting.
Which king was executed in 1649?,The correct answer isCharles I.
Where was William Shakespeare born?,"Shakespeare was born inStratford-upon-Avon, England."
Which two of the following are famous British Paralympians?,Baroness Tanni Grey-ThompsonandEllie Simmondsare the correct answers.
Who was reigning in England when English settlers first began to colonise the eastern coast of America?,"InElizabeth I’s time, English settlers first began to colonise the eastern coast of America."
Scotland and Wales use a system called ‘individual registration’ where all those entitled to vote must complete their own registration form.,False. Northern Irelanduses a system called ‘individual registration’ and all those entitled to vote must complete their own registration form.
On what day is the birth of Jesus Christ celebrated?,"Christmas Day, 25th of December, celebrates the birth of Jesus Christ."
"What sort of battle was the ’Battle of Britain’, fought between Germany and Britain in the summer of 1940?",‘The Battle of Britain’ was a crucialaerial battlefought between Germany and Britain in the summer of 1940.
Where is Swansea located?,Swansea it is located inWales.
Which two political parties formed a coalition in 2010?,"In May 2010the Conservative and Liberal Democrat partiesformed a coalition and the leader of the Conservative Party, David Cameron, became Prime Minister."
Who established the Church of England?,The correct answer isHenry VIII.
"In 1348, one third of the population in England, Wales and Scotland died as a result of which disease?","In 1348, a disease, probably a form of plague, came to Britain. This was known asthe Black Death. One third of the population of England died and a similar proportion in Scotland and Wales."
Haggis is a traditional food from which area?,Haggis is a traditional food fromScotland.
Which court deals with minor criminal offences in Scotland?,"In Scotland, minor criminal offences go to aJustice of the Peace Court."
Which two of the following records give us information about England during the reign of William I?,The Domesday Book and the Bayeux Tapestry.
"In 1913, the British government promised ‘Home Rule’ for Ireland, why were changes in Ireland delayed until 1921?",The outbreak of the First World Warled the British government to postpone any changes in Ireland.
Which of the following statements is true:,Elizabeth I was aProtestantand she succeeded in finding a balance between the views of the Catholics and the more extreme Protestants.
Which two documents do you need to apply for a National Insurance number?,To apply for a National Insurance number you needdocuments that prove your identity and that you have permission to work in the UK.
"As a British citizen, you should:",As a British citizen you shouldrespect and obey the law and look after the area in which you live and the environmentare the correct answers.
When is Halloween celebrated?,Halloween is celebrated onthe 31st of October.
The Bill of Rights in 1689 gave women the right to vote.,"False. The Bill of Rights, 1689, confirmed the rights of Parliament and the limits of the king’s power."
What is the name of the most famous cricket competition played between England and Australia?,"The most famous cricket competition isthe Ashes, which is a series of Test matches played between England and Australia."
What was the biggest source of employment during the 18th century?,"During the 18th century,manufacturing jobsbecame the main source of employment in Britain."
"In 1314 the Scottish, led by Robert the Bruce, defeated the English at the battle of Bannockburn, and Scotland remained unconquered by the English.",This statement istrue.
Which of the following is an example of criminal offence?,Smoking in public places.It is against the law to smoke tobacco products in nearly every enclosed public place in the UK. There are signs displayed to tell you where you cannot smoke.
Which Scottish clan was killed for not taking the oath?,The correct answer isthe MacDonalds of Glencoe.
Which two issues can the devolved administrations pass laws on?,"Policy and laws governing defence, foreign affairs, immigration, taxation and social security all remain under central UK government control. However, many other public services, such ashealth and education, are controlled by the devolved administrations."
The assassination of the Archduke Franz Ferdinand of Austria in 1914 led to which of the following wars?,"On 28 June 1914, Archduke Franz Ferdinand of Austria was assassinated. This set off a chain of events leading tothe First World War(1914-18)."
What is the capital city of Scotland?,The capital city of Scotland isEdinburgh.
In 1833 the Emancipation Act abolished slavery throughout the British Empire.,This statement istrue.
What is the name of the process by which many Scottish landlords destroyed individual small farms (known as ‘crofts’) to make space for large flocks of sheep and cattle?,A process began which became known asthe ‘Highland Clearances’. Many Scottish landlords destroyed individual small farms (known as ‘crofts’) to make space for large flocks of sheep and cattle.
The Falkland Islands are a British overseas territory and are part of the United Kingdom.,False. The Falkland Islands are a British overseas territory. They are also linked to the UK but arenotpart of it.
Which two of the following are Civil War Battles?,The Battles of Marston Moor and Naseby.
What was the name of the activist group who fought for the women‘s right to vote?,"In the late 19th and early 20th centuries, an increasing number of women campaigned and demonstrated for greater rights and, in particular, the right to vote. They formed the women’s suffrage movement and became known asthe ‘suffragettes’."
What UK landmark was voted as Britain’s favourite view in 2007?,"In 2007, television viewers votedWastwater (Lake District)as Britain’s favourite view."
Who were the first people to live in Britain in what we call the Stone Age?,The first people to live in Britain werehunter-gatherers.
What is the name of the movement against the authority of the Pope and the ideas of the Catholic Church that took place during the reign of Henry VIII?,The correct answer isthe Reformation.
What do you need to do to apply for a National Insurance Number?,"If you have permission to work in the UK,you will need to telephone the Department for Work and Pensions (DWP)to arrange to get a National Insurance number."
Which of the following is a major horse-racing event in England?,"Famous horse-racing events include:Royal Ascot, a five-day race meeting in Berkshire attended by members of the Royal Family; the Grand National at Aintree near Liverpool; and the Scottish Grand National at Ayr."
How many members form a jury in Scotland?,In Scotland a jury has15 members.
What is known as Lent?,The 40 days before Easterare known as Lent.
When was the last successful foreign invasion of England?,The Norman Conquest was the last successful foreign invasion of England in1066.
World War II started as a result of Germany invading which country?,The Second World War started when Hitler invadedPolandin 1939. Britain and France declared war in order to stop his aggression.
Which flower is associated with Scotland?,The flower associated with Scotland isthe thistle.
Police complaints can only be made by writing to the Chief Constable of the police force involved.,"False. Anyone can make a complaint about the policeby going to a police station and writing to the Chief Constable of the police force involved. Complaints can also be made to an independent body: the Independent Police Complaints Commission in England and Wales, the Police Complaints Commissioner for Scotland or the Police Ombudsman for Northern Ireland."
Which of the following is a responsibility of the Home Secretary?,"The Home Secretary is responsible forcrime, policing and immigration."
When is St David’s day celebrated?,"St  David’s day, patron of Wales, is celebrated on the1st of March."
"What happened to ‘Mary, Queen of Scots’ after she spent 20 years in prison?","Mary was eventually executed, accused of plotting against Elizabeth I."
What did Francis Crick discover?,Francis Crick discoveredthe structure of the DNA molecule.
"Northern Ireland and Scotland have their own banknotes, which are valid everywhere in the UK.",This statement istrue.
"How many national parks are there in England, Wales and Scotland?","There are15national parks in England, Wales and Scotland."
Is Northern Ireland part of Great Britain?,"‘Great Britain’ refers only to England, Scotland and Wales, not to Northern Ireland."
"If you are a dog owner, which two things should your dog’s collar have when you go out for a walk?",All dogs in public places must wear a collar showingthe name and address of the owner.
What day relates to the death of Jesus Christ?,Easter takes place in March or April. It marks the death of Jesus Christ onGood Fridayand his rising from the dead on Easter Sunday.
A responsibility of the MPs is to represent everyone in their _______.,A responsibility of the MPs is to represent everyone in theirconstituency.
What was achieved with the Magna Carta?,"The Magna Carta established the idea that even the king was subject to the law. It protected the rights of the nobility andrestricted the king’s powerto collect taxes or to make and change laws. In future, the king would need to involve his noblemen in decisions."
Female genital mutilation (FGM) or taking a girl or woman abroad for FGM is illegal in the UK and it is a criminal offence.,This statement istrue.
What year were women given the right to vote?,"In1918, women over the age of 30 were given voting rights and the right to stand for Parliament, partly in recognition of the contribution women made to the war effort during the First World War."
Which two of the following are British overseas territories?,"There are several British overseas territories, such asSt Helena and the Falkland Islands. They are linked to the UK but are not part of it."
Who did the English defeat in 1588?,In 1588 the English defeatedthe Spanish Armada(a large fleet of ships).
Who designed the Cenotaph?,"Sir Edwin Lutyenswas responsible for designing many war memorials throughout the world, including the Cenotaph in Whitehall."
How often are the members of the Welsh government elected?,There are 60 members of the Welsh government or members of the Senedd (SMs) and elections are heldevery four yearsusing a form of proportional representation.
During which period did the Beatles become popular and social laws were liberalised?,"The decade of the1960swas a period of significant social change. It was known as the ‘swinging sixties’. There was growth in British fashion, cinema and popular music. Two well-known pop music groups at the time were The Beatles and The Rolling Stones. It was also a time when social laws were liberalised, for example in relation to divorce and to abortion in England, Wales and Scotland. The position of women in the workplace also improved."
The Man Booker Prize is awarded in which of the following categories?,"The Man Booker Prize for Fiction is awarded annually forthe best fiction novel (literature)written by an author from the Commonwealth, Ireland or Zimbabwe. It has been awarded since 1968. Past winners include Ian McEwan, Hilary Mantel and Julian Barnes."
What sort of election takes place when a member of the Parliament (MP) dies or resigns?,"If an MP dies or resigns, there will be a fresh election, called aby-election, in his or her constituency."
What is the Turner Prize?,The Turner Prize was established in 1984 and celebratescontemporary art. The Turner Prize is recognised as one of the most prestigious visual art awards in Europe.
Which flower is associated with Northern Ireland?,The flower associated with Northern Ireland isthe shamrock.
The last battle between Britain and France was the battle of Waterloo.,This statement istrue.
£100 is the highest value note in circulation in the UK.,This statement isfalse.
Where is the Lake District National Park located?,Lake District is inEngland.
Which two responsibilities will you have as a British citizen?,"If you wish to be a permanent resident or citizen of the UK, you should: respect and obey the law,look after yourself and your family,respect the rights of others, including their right to their own opinions,treat others with fairness and look after the area in which you live and the environment."
Who was born in Stratford-upon-Avon?,"William Shakespearewas born in Stratford-upon-Avon, England."
Why is 1928 an important year in women’s voting history?,"Women were given the right to vote at the age of 21, the same as men."
What does Hogmanay refer to?,"In Scotland,the 31st of December (New Year’s Eve)is called Hogmanay."
What is the capital city of Northern Ireland?,The capital city of Northern Ireland isBelfast.
Which of the following wars took place between 1899 and 1902 in South Africa?,The Boer War.
Northern Ireland uses a system called ‘individual registration’ and all those entitled to vote must complete their own registration form.,This statement isTrue.
Which two of the following policies are not controlled by the devolved administrations?,"Policy and laws governing defence, foreign affairs, immigration, taxation and social security all remain under central UK government control.However, many other public services, such as education, are controlled by the devolved administrations."
"How old do citizens of the UK, the Irish Republic or the Commonwealth have to be to stand for public office?","Most citizens of the UK, the Irish republic or the Commonwealth aged18 or overcan stand for public office. There are some exceptions, including: members of the armed forces, civil servants and people found guilty of certain criminal offences."
How did the Government promote policies of free trade during the Victorian Age?,"During Victorian times, the government began to promote policies of free trade,abolishing a number of taxes on imported goods. One example of this was the repealing of the Corn Laws in 1846. These had prevented the import of cheap grain. The reforms helped the development of the British industry, because raw materials could now be imported cheaply."
Who was Admiral Nelson?,Admiral Nelson wasin charge of the British fleet at the Battle of Trafalgar against the Spanish fleetand was killed in the battle.
"During the Middle Ages, who were the serfs?",Serfs werepeasants who had a small area of their lord’s land where they could grow food.
Which invention lead to the rapid development of the industry in Britain during the 18th and 19th centuries?,The Industrial Revolution was the rapid development of industry in Britain in the 18th and 19th centuries. Britain was the first country to industrialise on a large scale. It happened because of the development of machinery and the use ofsteam power.
MPs can only be contacted by post.,"False. You can contact MPs byletter or telephoneat their constituency office, or at their office in the House of Commons. In addition, many MPs, Assembly members, MSPs and MEPs hold regular local ‘surgeries’, where constituents can go in person to talk about issues that are of concern to them."
What movement challenged the authority of the Pope?,The Reformationwas a movement against the authority of the Pope and the ideas and practices of the Roman Catholic Church.
What English King introduced the Domesday Book?,"William the Conquerorsent people all over England to draw up lists of all the towns and villages. The people who lived there, who owned the land and what animals they owned were also listed. This was called the Domesday Book."
What did ’the Butler Act’ introduce in 1944?,"Richard Austen Butler became a Conservative MP in 1923 and held several positions before becoming responsible for education in 1941. In this role, he oversaw the introduction of the Education Act 1944 (often called ‘The Butler Act’), which introducedfree secondary education in England and Wales."
What is the small claims procedure?,The small claims procedure isan informal way of helping people to settle minor disputes without spending a lot of time and money using a lawyer.
What building was constructed in Hyde Park to hold the Great Exhibition of 1851?,"In 1851, the Great Exhibition opened in Hyde Park inthe Crystal Palace, a huge building made of steel and glass. Exhibits ranged from huge machines to handmade goods."
Who was Florence Nightingale?,Florence Nightingale wasa nurse. She is often regarded asthe founder of modern nursing.
Who is the patron Saint of England?,The patron Saint of England isSt George.
Where is Loch Lomond and the Trossachs National Park located?,Loch Lomond and the Trossachs National Park is located inthe west of Scotland.
Wales has its own established church.,False. There is no established Church in Wales or Northern Ireland.
What stories are associated with Geoffrey Chaucer?,Geoffrey Chaucer wrote a series of poems in English about a group of people going to Canterbury on a pilgrimage.  This collection of poems is calledThe Canterbury Tales.
When is Boxing Day celebrated?,Boxing Day isthe day after Christmas Day(26th December)and is a public holiday.
What is the name of the holiday when banks and many other businesses are closed for the day?,"There are public holidays each year calledbank holidays, when banks and many other businesses are closed for the day."
Why were women given the right to vote?,"In 1918, women over the age of 30 were given voting rights and the right to stand for Parliament, partlyin recognition of the contribution women made to the war effort during the First World War."
What do you need to drive in the UK?,"In the UK, you must havea driving licenceto drive on public roads."
Where does “the Fringe” festival take place?,"The Edinburgh Festival takes place inEdinburgh, Scotland, every summer. It is a series of different arts and cultural festivals, with the biggest and most well-known being the Edinburgh Festival Fringe (‘the Fringe’)."
How many members does the Welsh government have?,There are60 membersof the Welsh government or members of the Senedd (SMs) and elections are held every four years using a form of proportional representation.
The names or photographs of  young people found guilty of a crime can be published in newspapers or used by the media.,"False. Members of the public are not allowed in Youth Courts, andthe name or photographs of the accused young person cannot be published in newspapers or used by the media."
What was Edward Elgar famous for?,Sir Edward Elgar (1857-1934) was amusician. His best known work is probably the Pomp and Circumstance Marches. March No1 (Land of Hope and Glory) is usually played at the Last Night of the Proms at the Royal Albert Hall.
Which of the following is not a British banknote?,There are no£25notes in the UK.
Where does the Scottish Grand National take place?,The Scottish Grand National takes place atAyr.
The laws passed after the Glorious Revolution marked the beginning of the ______.,The laws passed after the Glorious Revolution marked the beginning of theconstitutional monarchy.
"During the reign of Elizabeth I, a large fleet of ships was sent to England to conquer the country and to restore Catholicism, where did this fleet come from?","Elizabeth I became one of the most popular monarchs in English history, particularly after 1588, when the English defeated the Spanish Armada (a large fleet of ships), which had been sent bySpainto conquer England and restore Catholicism."
What did the Habeas Corpus Act introduce?,The Habeas Corpus Act became law in 1679. This was a very important piece of legislation which remains relevant today. Habeas corpus is Latin for ‘you must present the person in court’. The Act guaranteed that no one could be held prisoner unlawfully.Every prisoner has a right to a court hearing.
What did Emmeline Pankhurst fight for?,"Emmeline Pankhurst she set up the women’s Franchise League in 1889, which fought to get the vote in local elections for married women. In 1903 she helped found the Women’s Social and Political Union (WSPU). This was the first group whose members were called ‘suffragettes’. The group used civil disobedience as part of their protestto gain the vote for women. In 1918, women over the age of 30 were given voting rights and the right to stand for Parliament, partly in recognition of the contribution women made to the war effort during the First World War."
What is “the Proms”?,"The Proms isan eight-week summer season of orchestral classical musicthat takes place in various venues, including the Royal Albert Hall in London."
What was Isaac Newton known for?,"Newton‘s most famous published work was Philosophiae Naturalis Principia Mathematica (‘Mathematical Principle of Natural Philosophy’), which showed howgravityapplied to the whole universe."
When did the WWI come to an end?,The World War I ended in1918.
Who built a wall in the north of England to keep out the Picts (ancestors of the Scottish people)?,TheEmperor Hadrianbuilt a wall in the north of England to keep out the Picts (ancestors of the Scottish people).
Which two universities participate in an annual rowing race that takes place on the River Thames?,"Rowing is also popular, both as a leisure activity and as a competitive sport. There is a popular yearly race on the Thames betweenOxford and Cambridge Universities."
Does Britain have a written constitution?,"The British constitution is not written down in any single document, and therefore it is described as‘unwritten’."
Is St Helena part of the UK?,"British overseas territories, such as St Helena and the Falkland Islands are linked to the UK but arenot part of it."
Where is Theatreland?,"London’s West End, also known as ‘Theatreland’, is particularly well known for its theatres."
What is the name of the UK currency?,The currency in the UK is thepound sterling(symbol £).
What other name is given to Diwali?,Diwali is often calledthe Festival of Lights.
What is the Enlightenment?,"The Enlightenment wasa periodduring the 18th centurywhen new ideas about politics, philosophy and science were developed."
Which of the following charities helps the environment?,Friends of the Earthis an environmental charity.
Which of the following was a crucial aerial battle fought between Germany and Britain during WWII?,The correct answer isthe Battle of Britain.
What was Margaret Thatcher famous for?,Margaret Thatcher wasthe first woman Prime Minister of the UK.
Which two languages combined to become one English language?,"After the Norman Conquest, the king and his noblemen had spokenNorman Frenchand the peasants had continued to speakAnglo-Saxon. Gradually these two languages combined to become one English language."
"By law, radio and television coverage of the political parties must be balanced and so equal time has to be given to rival viewpoints.",This statement istrue.
Where did the Spanish Armada come from?,"In 1588 the English defeated the Spanish Armada (a large fleet of ships), which had been sent bySpainto conquer England and restore Catholicism."
What is the name of the War Memorial located in Whitehall?,The Cenotaphis a war memorial located in Whitehall.
The UK government has never suspended the Northern Ireland Assembly.,False. The Northern Ireland Assembly has been suspended on a few occasions.
What kind of church did Scotland establish in 1560?,"In 1560, the predominantly Protestant Scottish Parliament abolished the authority of the Pope in Scotland and Roman Catholic religious services became illegal.A Protestant Churchof Scotland with an elected leadership was established but, unlike in England, this was not a state Church."
When was the Domesday Book written?,"William the conqueror sent people all over England to draw up lists of all the towns and villages. The people who lived there, who owned the land and what animals they owned were also listed. This was called the Domesday Book, which gives a picture of society in England justafter the Norman Conquest."
The Northern Ireland Assembly cannot make decisions on which two of the following issues?,"The Northern Ireland Assembly can make decisions on issues such as: education, agriculture, the environment health and social services, but it cannot make decisions onimmigration or defenceissues."
What should you do to make a complaint about the police (choose two answers)?,"Anyone can make a complaint about the policeby going to a police station and writing to the Chief Constable of the police force involved. Complaints can also be made to an independent body: the Independent Police Complaints Commission in England and Wales, the Police Complaints Commissioner for Scotland or the Police Ombudsman for Northern Ireland."
What flower did William Wordsworth write about?,William Wordsworth wrote‘The Daffodils’.
When is St Andrew’s day celebrated?,"St Andrew’s day, patron of Scotland, is celebrated on the30th of November."
Who was the architect that rebuilt Saint Paul’s cathedral after the Great Fire in 1666?,"In 1666, a great fire destroyed much of the city, including many churches and St Paul’s Cathedral. London was rebuilt with a new St Paul\\\\\\\'s, which was designed by a famous architect,Sir Christopher Wren."
When were the first coins in Britain made?,The people ofthe Iron Agemade the first coins to be minted in Britain.
Who was Emmeline Pankhurst?,"Emmeline Pankhurst was born in Manchester in 1858. She set up the women’s Franchise League in 1889, which fought to get the vote in local elections for married women. In 1903 she helped found the Women’s Social and Political Union (WSPU). This was the first group whose members were called‘suffragettes’."
Who did Britain fight against in the Crimean War?,"From 1853 to 1856, Britain fought with Turkey and France againstRussiain the Crimean War."
How old do you have to be to buy alcohol in the UK?,It is a criminal offence to sell alcohol to anyone who is under 18 or to buy alcohol for people who are under the age of18. (There is one exception: people aged 16 or over can drink alcohol with a meal in a hotel or restaurant).
Which of the following is a Crown Dependency but not part of the UK?,The Channel Islands andthe Isle of Manare closely linked with the UK but are not part of it. They have their own governments and are called ‘Crown dependencies‘.
Is the BBC controlled by the government?,The BBC is the largest broadcaster in the world. It is the only wholly state-funded media organisation that isindependent of government.
How many members does the Northern Ireland Assembly have?,"The Northern Ireland Assembly has90elected members, known as MLAs (members of the Legislative Assembly)."
Who was in charge of the British fleet at the Battle of Trafalgar?,Admiral Nelsonwas in charge of the British fleet at Trafalgar and was killed in the battle.
What was inscribed in the first coins to be minted in Britain during the Iron Age?,"The people of the Iron Age made the first coins to be minted in Britain, some inscribed withthe names of Iron Age kings."
"Towns, cities and rural areas in the UK are governed by government appointed officials.","False.Towns, cities and rural areas in the UK are governed bydemocratically elected councils, often called ‘local authorities‘."
Where is the Tate Art Gallery located?,The Tate Britain and Tate Modern are inLondon.
The version of the Bible created by King James I is known as:,One achievement of King James‘ reign was a new translation of the Bible into English. This translation is known as the ‘King James Version‘ or the ‘Authorised Version‘.
What is the period of the 1960s known for?,"The decade of the 1960s was a period of significant social change. It was known as the ‘Swinging Sixties’. There wasgrowth in British fashion, cinema and popular music."
"Between 1680 and 1720 many refugees called Huguenots came to England, which country did they come from?",Between 1680 and 1720 many refugees called Huguenots came fromFrance.
What is the most famous tennis tournament played in the UK?,"The most famous tournament hosted in Britain isThe Wimbledon Championships, which takes place each year at the All England Lawn Tennis and Croquet Club."
MPs can only be contacted at their office in the House of Commons.,"False. You can contact MPsby letter or telephone at their constituency office, or at their office in the House of Commons. In addition, many MPs, SMs and MSPs hold regular local ‘surgeries‘, where constituents can go in person to talk about issues that are of concern to them."
What is the day when jokes are published in newspapers and telecast on TV?,"April Fool‘s Day, 1 April, is a day when people play jokes on each other until midday. The television and newspapers often have stories that are April Fool jokes."
Which Scottish king defeated the English at the Battle of Bannockburn?,"In 1314 the Scottish, led byRobert the Bruce, defeated the English at the Battle of Bannockburn, and Scotland remained unconquered by the English."
Who invented the World Wide Web?,The inventor of the World Wide Web wasSir Tim Berners-Lee.
How are civil servants appointed and what political party do they belong to?,Civil servants arechosen on merit and are politically neutral– they are not political appointees.
What is known as the “Dunkirk spirit”?,"During WWII as France fell, the British decided to evacuate British and French soldiers from France in a huge naval operation. Many civilian volunteers in small pleasure and fishing boats from Britain helped the Navy to rescue more than 300,000 men from the beaches around Dunkirk."
You have to be at least 21 years old to serve on a jury.,False. Anyone who is on the electoral register and is aged18to 70 can serve on a jury.
"If you wish to be a permanent resident or citizen of the UK, you should (choose TWO answers):","If you wish to be a permanent resident or citizen of the UK, you should:respect the rights of others, including their right to their own opinions, look after yourself and your family, respect and obey the law, treat others with fairness and look after the area in which you live and the environment."
Which of the following major sports event took place in the UK in 2012?,"The UK has hostedthe Olympic gameson three occasions: 1908, 1948 and 2012."
Charles I believed in the ’Divine Right of Kings’ so he tried:,Charles I believed in the ’Divine Right of Kings’: the idea that the king was directly appointed by God to rule. He thought that the king should be able to act without having to seek approval from Parliament andhe tried to rule without the Parliament.
What is the Union Jack?,"The Union Flag,the Flag of the United Kingdomis also known as the Union Jack."
Who was voted the greatest Briton of all time in 2002?,In 2002Winston Churchillwas voted the greatest Briton of all time by the public.
Which of the following statements is true:,Women in Britain today make upabout half of the workforce.
When is St George’s day?,"St George’s day, patron of England is celebrated on the23rd of April."
Which is the largest National Park in England?,The Lake Districtis England’s largest national park.
"Boudicca, was a tribal leader who fought against which foreign invaders?","One of the tribal leaders who fought againstthe Romanswas Boudicca, the queen of the Iceni."
Which of the following poems is about a group of people going on a pilgrimage?,"Geoffrey Chaucer wrote a series of poems in English about a group of people going to Canterbury on a pilgrimage. The people decided to tell each other stories on the journey, and the poems describe the travellers and some of the stories they told. This collection of poems is calledThe Canterbury Tales."
How are public holidays called?,"There are public holidays each year calledbank holidays, when banks and many other businesses are closed for the day."
How did Charles II manage to escape to Europe after his defeat in the Civil War?,"Charles II escaped from Worcester, famouslyhiding in an oak treeon one occasion, and eventually fled to Europe."
Who defeated the Vikings?,"The Anglo-Saxon kingdoms in England united underKing Alfred the Great, who defeated the Vikings."
Who was William Caxton?,William Caxton wasthe first person in England to print books using a printing press.
Where do Beefeaters serve as tour guides?,Beefeaters serve as tour guides atthe Tower of London.
"During the rebellion of the clans in Scotland, Bonnie Prince Charlie was supported by clansmen from which Scottish region?",Charles Edward Stuart (Bonnie Prince Charlie) was supported by clansmen fromthe Scottish Highlands.
What religion did Elizabeth I follow?,Elizabeth the I was aprotestant.
Who became famous for his tramp character in silent movies?,Charlie Chaplinbecame famous in silent movies for his tramp character.
Which armed force was used in the Battle of Britain?,The correct answer isthe Royal Air Force.
"In the UK, you have to be 21 years old to be able to vote in a general election.",False. The present voting age of18was set in 1969 and (with a few exceptions) all UK-born and naturalised adult citizens have the right to vote.
Which of the following poets was inspired by nature?,"British poets, includingWilliam Wordsworth, were inspired by nature."
Against which country did Britain fight at the Battle of Waterloo?,"In 1815, theFrenchWars ended with the defeat of the Emperor Napoleon by the Duke of Wellington at the Battle of Waterloo."
Who was William Wilberforce?,"William Wilberforce, an evangelical Christian and a member of Parliament, also played an important part in changing the law. Along with other abolitionists (people who supported the abolition of slavery), he succeeded in turning public opinion against the slave trade."
Who is the spiritual leader of the Church of England?,The spiritual leader of the Church of England isthe Archbishop of Canterbury.
James I was King of which country before becoming King of England?,"When Elizabeth I died, her cousinJames VI of Scotland became King James I of England, Wales and Irelandand Scotland remained a separate country."
Which of the following statements is correct?,"Most shops in the UK are open seven days a week, although trading hours on Sundays and public holidays are generally reduced."
Which country sent a fleet of ships to England in 1588?,"Elizabeth became one of the most popular monarchs in English history, particularly after 1588, when the English defeated the Spanish Armada (a large fleet of ships), which had been sent bySpainto conquer England and restore Catholicism."
Where is the National Horseracing Museum located?,"There is a National Horseracing Museum inNewmarket, Suffolk."
Which of the following castles is located in Scotland?,Crathes Castleis located in Scotland.
Who was a famous Art Deco ceramic designer?,"Britain has produced many great designers, from Thomas Chippendale (who designed furniture in the 18th century) toClarice Cliff(who designed Art Deco ceramics) to Sir Terence Conran (a 20th-century interior designer)."
When is St Patrick’s day celebrated?,"St Patrick’s day, patron of Northern Ireland is celebrated on the17th of March."
How are the members of the Northern Ireland Parliament elected?,"The Northern Ireland Assembly has 90 elected members, known as MLAs (members of the Legislative Assembly). They are electedwith a form of proportional representation."
Who was the first British Prime Minister?,"The most important minister in Parliament became known as the Prime Minister. The first man to be called this wasSir Robert Walpole, who was Prime Minister from 1721 to 1742."
Which of the following actresses has not won an Oscar?,"British actors to have won Oscars include Colin Firth, Sir Antony Hopkins, Dame Judi Dench, Kate Winslet and Tilda Swinton.Emily Watson has not won an Oscar yet."
"During the Enlightenment, Adam Smith developed ideas about:",During ’the Enlightenment’ Adam Smith developed ideas abouteconomicswhich are still referred to today.
Who died at the Battle of Trafalgar?,Admiral Nelsonwas in charge of the British fleet at Trafalgar and was killed in the battle.
When is Hogmanay celebrated?,"In Scotland,the 31st of Decemberis called Hogmanay."
Proceedings in Parliament are broadcast on television and published in official reports known as:,Proceedings in Parliament are broadcast on television and published in official reports calledHansard.
Which of the following is a rugby competition?,"The most famous rugby union competition isthe Six Nations Championshipbetween England, Ireland, Scotland, Wales, France and Italy."
Who appoints life peers in the House of Lords?,Life peers are appointed bythe monarchon the advice of the Prime Minister.
Who mapped the coast of Australia?,Captain James Cookmapped the coast of Australia and a few colonies were established there.
What was the first war to be extensively covered by the media?,The Crimean Warwas the first war to be extensively covered by the media through news stories and photographs.
Which of the following monuments is located in Wiltshire?,Stonehengestands in what is now the English county of Wiltshire.
Who was the first Archbishop of Canterbury?,"St Augustineled missionaries from Rome, who spread Christianity in the south. St Augustine became the first Archbishop of Canterbury."
How old do you have to be to go into betting shops or gambling clubs?,You have to be18to go into betting shops or gambling clubs.
The system of government in the UK is a parliamentary democracy.,This statement istrue.
What is the traditional food of Northern Ireland?,Ulster fryis the correct answer.
Who was elected as British Prime Minister in 1945?,In 1945 the British people elected a Labour government. The new Prime Minister wasClement Attlee.
How many times has the UK hosted the Olympic games?,"The UK has hosted the Olympic games onthreeoccasions: 1908, 1948 and 2012."
Why were canals built during the Industrial Revolution?,"Canals were builtto link the factories to towns and cities and to the ports, particularly in the new industrial areas in the middle and north of England."
Are civil servants appointed by the government?,Civil servantsare accountable to ministers. They are chosen on merit and are politically neutral – theyare not political appointees.
Which of the following countries helped Britain to develop the Concorde?,"Britain andFrancedeveloped the world’s only supersonic commercial airliner, Concorde."
Which invention led to the development of Britain during the Industrial Revolution?,The Industrial Revolution was the rapid development of industry in Britain in the 18th and 19th centuries. Britain was the first country to industrialise on a large scale. It happened because of the development of machinery and the use ofsteam power.
Who was the tribal leader who fought against the Romans?,One of the tribal leaders who fought against the Romans wasBoudicca.
Which two languages were used across England during the Middle Ages?,"The Middle Ages saw the development of a national culture and identity. After the Norman Conquest, the king and his noblemen had spokenNorman Frenchand the peasants had continued to speakAnglo-Saxon."
"In 1776, which British colonies declared their independence because they demanded that there should be ‘no taxation without representation‘.","In 1776, 13North Americancolonies declared their independence, stating that people had a right to establish their own governments."
When was England ruled by a republic and not by a monarch?,"When Charles I was executed, England declared itself a republic, called the Commonwealth. It no longer had a monarch."
Which film produced in the UK was one of the most commercially successful films of all time and one of the highest-grossing film franchises?,"Some of the most commercially successful films of all time, including the two highest-grossing film franchises (Harry Potterand James Bond), have been produced in the UK."
When did the first farmers come to Britain?,"The first farmers arrived in Britain6,000 years ago."
When did the First World War end?,The First World War endedat 11.00 am on 11th November 1918with victory for Britain and its allies.
Can court orders be obtained to protect a person from being forced into a marriage?,"True. Court orders can be obtained to protect a person from being forced into a marriage, or to protect a person in a forced marriage."
What medal did Mary Peters win in the 1972 Olympics?,"Born in Manchester, Mary Peters moved to Northern Ireland as a child. She was a talented athlete who wonan Olympic gold medalin the pentathlon in 1972."
"In England, Wales and Northern Ireland Youth Court cases are normally heard by (choose TWO answers)?","In England, Wales and Northern Ireland, if an accused person is aged 10 to 17, the case is normally heard in a Youth Court in front ofup to three specially trained magistrates or a District Judge."
What was invented by Alan Turing in the 1930s?,"ATuring machineis a theoretical mathematical device invented by Alan Turing (1912-54), a British mathematician, in the 1930s."
Which of the following tells us about how people lived in England just after the Norman Conquest?,"William sent people all over England to draw up lists of all the towns and villages. The people who lived there, who owned the land and what animals they owned were also listed. This was calledthe Domesday Book. It still exists today and gives a picture of society in England just after the Norman Conquest."
Who led a team of scientists to ‘split the atom‘ for the first time?,"Scientists led byErnest Rutherford, working at Manchester and then Cambridge University, were the first to ‘split the atom‘ and took part in the Manhattan Project in the United States, which developed the atomic bomb."
What song is sung by people in the UK and other countries when they are celebrating the New Year?,"The song Auld Lang Syne, which is sung by people in the UK and other countries when they are celebrating the New Year (or Hogmanay as it is called in Scotland)."
Who fought in the English Civil war of 1642?,The Civil war between the king and Parliament began in 1642. The country split into those who supported the king (the Cavaliers) and those who supported Parliament (the Roundheads).
Which two of these forts were part of Hadrian‘s wall?,"Parts of Hadrian‘s Wall, include the forts ofHousesteads and Vindolanda."
What was the religion of the Puritans?,The Puritans were a group ofProtestantswho advocated strict and simple religious doctrine and worship.
What is the name of Irish people who favoured complete independence from the UK in the 19th century?,"The Irish Nationalist movement had grown strongly through the 19th century. Some, such asthe Fenians, favoured complete independence."
Which two British pop music groups were famous during the Swinging Sixties?,"The decade of the 1960s was a period of significant social change. It was known as the ‘swinging sixties’. There was growth in British fashion, cinema and popular music. Two well-known pop music groups at the time wereThe BeatlesandThe Rolling Stones."
What is the minimum age required to drive a motorcycle?,"In the UK, you must be at least17years to drive a car or motorcycle and you must have a driving licence to drive on public roads."
"The members of the House of Lords, known as peers, are elected by the people.","False. The members of the House of Lords, known as peers,are not elected by the people."
When did the Emancipation Act abolish slavery throughout the British Empire?,In1833the Emancipation Act abolished slavery throughout the British Empire.
"Who is responsible for crime, policing and immigration?","The Home Secretaryis responsible for crime, policing and immigration."
What kind of genre was the film Wallace and Gromit created by Nick Park?,"Nick Park won four Oscars for hisanimated films, including three for films featuring Wallace and Gromit."
"Anyone who is violent towards their partner – whether they are a man or a woman, married or living together – can be prosecuted.","True. Anyone who is violent towards their partner – whether they are a man or a woman, married or living together – can be prosecuted."
When was the United Nations set up?,The UN was set upafter the Second World Warand aims to prevent war and promote international peace and security.
Where is the Giant’s Causeway located?,The Giant’s Causeway is a land formation of columns made from volcanic lava locatedon the north-east coast of Northern Ireland. It was formed about 50 million years ago. There are many legends about the Causeway and how it was formed.
"What happened to Mary, Queen of Scots, after being sent to prison for 20 years by her cousin Queen Elizabeth I?","Mary was executed, accused of plotting against Elizabeth I."
Which tribe came to Britain from northern Europe after the Romans left in AD 410?,"Britain was invaded by tribes from northern Europe:the Jutes,the Angles and the Saxons."
What is one of the highest-grossing film franchises produced in the UK?,"Some of the most commercially successful films of all time, including the two highest-grossing film franchises (Harry Potter andJames Bond), have been produced in the UK."
"Who can hear cases in Youth Courts in England, Wales and Northern Ireland (two answers)?","In England, Wales and Northern Ireland, if an accused person is aged 10 to 17, the case is normally heard in a Youth Court in front ofup to three specially trained magistrates or a District Judge. The most serious cases will go the Crown Court. The parents or carers of the young person are expected to attend the hearing. Members of the public are not allowed in Youth Courts, and the name or photographs of the accused young person cannot be published in newspapers or used by the media."
Who came from the Netherlands to become the British monarch?,"In May 1660, Parliament invitedCharles IIto come back from exile in the Netherlands. He was crowned King Charles II of England, Wales, Scotland and Ireland."
Who can apply for the National Citizen Service programme?,"The National Citizen Service programme gives16- and 17-year-oldsthe opportunity to enjoy outdoor activities, develop their skills and take part in a community project."
"Nick Park has won four Oscars for his animated films, including three for films featuring:","Nick Park, who has won four Oscars for his animated films, including three for films featuringWallace and Gromit."
Who was the British scientist who co-discovered the structure of the DNA molecule in the 1950s?,"The structure of the DNA molecule was discovered in 1953 through work at British universities in London and Cambridge. This discovery contributed to many scientific advances, particularly in medicine and fighting crime.Francis Crick(1916-2004), was one of those awarded the Nobel Prize for this discovery."
What percentage of the UK population has a parent or grandparent born outside of the UK?,Nearly 10%of the population has a parent or grandparent born outside the UK.
How old do you have to be to drive a moped in the UK?,"In the UK, you need to be at least16 years oldto ride a moped, and there are other age requirements and special tests for driving large vehicles."
Who was the leader of the Labour Party who introduced a Scottish Parliament and a Welsh Assembly?,In 1997 the Labour Party led byTony Blairwas elected. The Blair government introduced a Scottish Parliament and a Welsh Assembly.
What is the maximum amount you can claim through the small claims procedure in Scotland and Northern Ireland?,"The small claims procedure is an informal way of helping people to settle minor disputes without spending a lot of time and money using a lawyer. This procedure is used for claims of less than £10,000 in England and Wales,£5,000 in Scotland and Northern Ireland."
Which historical monument did William the Conqueror build?,"The White Towerin the Tower of London is an example of a Norman castle keep, built on the orders of William the Conqueror."
Who became Prime Minister after Margaret Thatcher and played an important part in the Northern Ireland peace process?,John Majorbecame Prime Minister after Margaret Thatcher and played an important part in the Northern Ireland peace process.
Who should you contact to report a terrorist activity?,"If you think someone is trying to persuade you to join an extremist or terrorist cause, you should notifyyour local police force."
"Which Paralympic athlete has won gold medals for swimming at the 2008, 2012 and 2016 Paralympic Games?","Ellie Simmondsis a Paralympian who won gold medals for swimming at the 2008, 2012 and 2016 Paralympic Games and holds a number of world records. She was the youngest member of the British team at the 2008 Games."
"Each of the UK countries is associated with a flower symbol, which country is associated with the rose?","The countries that make up the UK all have flowers which are particularly associated with them and which are sometimes worn on national saints’ days. The flowers associated to each country are as follows:England – the rose, Scotland – the thistle, Wales – the daffodil and Northern Ireland – the shamrock."
Isambard Kingdom Brunel was responsible for:,"Brunel was originally from Portsmouth, England. He was an engineer who built tunnels, bridges, railway lines and ships. He was responsible forconstructing the Great Western Railway, which was the first major railway built in Britain. It runs from Paddington Station in London to the south west of England, the West Midlands and Wales."
What is the Commonwealth?,"The Commonwealth isan association of countries that support each other and work together towards shared goals in democracy and development.Most member states were once part of the British Empire, although a few countries which were not have also joined."
Under which name was the movement of opinion against the authority of the Pope during the times of Henry VIII known?,The correct answer is theReformation.
What did Isaac Newton discover?,"Newton’s most famous published work was Philosophiae Naturalis Principia Mathematica (‘Mathematical Principle of Natural Philosophy’), which showed howgravityapplied to the whole universe. Newton also discovered that white light is made up of the colours of the rainbow."
What kind of movies did Academy Award winner Nick Park specialise in?,"Britain continues to be particularly strong in special effects and animation. One example is the work of Nick Park, who has won four Oscars for hisanimated films, including three for films featuring Wallace and Gromit."
Which of the following is not a constitutional institution?,"Constitutional institutions in the UK include: the monarchy, the Parliament (the House of Commons and the House of Lords), the Prime Minister, the cabinet, the judiciary (courts), the police, the civil service  and the local government. Thearmed forcesare not a constitutional institution."
What food shortage caused the famine in Ireland?,"In the middle of the centurythe potatocrop failed, and Ireland suffered a famine. A million people died from disease and starvation."
The leader of the opposition appoints senior opposition MPs. They form a group whose role is to challenge the government and put forward alternative policies. What are they called?,The leader of the opposition appoints senior opposition MPs to be ‘shadow ministers’. Their role is to challenge the government and put forward alternative policies. They formthe shadow cabinet.
Which of the following are TWO responsibilities of the MPs?,"MPs responsibilities include:to represent everyone in their constituency, to help to create new laws, to scrutinise and comment on what the government is doing and to debate important national issues."
Who was the longest serving PM in the 20th century?,"Margaret Thatcherwas the first woman Prime Minister of the UK. She was the longest-serving Prime Minister of the 20th century, remaining in office from 1979 until 1990."
What name is given to the territories which are linked to the UK but not part of it?,There are several islands which are closely linked with the UK but are not part of it: the Channel Islands and the Isle of Man. These have their own governments and are called‘Crown dependencies’.
What area did David Hume contribute to during the Enlightenment?,David Hume wasa famous philosopherwho developed ideas about human nature during the 18th century and that have continued to influence philosophers over the years.
What proportion of the population died as a result of the Black Death in England?,"As a result of the Black Death,one third of the population of Englanddied and a similar proportion in Scotland and Wales."
What happened to Charles I after he was in prison?,"Charles I’s army was defeated at the Battles of Marston Moor and Naseby. Charles was held prisoner by the parliamentary army. As he was unwilling to reach any agreement with the Parliament, in 1649he was executed."
What are TWO responsibilities of the monarch?,"The monarch does not rule the country but appoints the government, which the people have chosen in a democratic election. The monarch also has regular meetings with the Prime Minister and can advise, warn and encourage, but the decisions on government policies are made by the Prime Minister and cabinet."
What kind of disaster was the Black Death?,"The Black Death was a disease, probably a form ofplague, that came to Britain in 1348."
What country was in conflict with the UK for trading reasons during the 18th century?,"During the 18th century, trading and settlements overseas sometimes brought Britain into conflict with other countries, particularlyFrance, which was expanding and trading in a similar way in many of the same areas of the world."
"The Speaker is an MP, he or she represents a constituency and deals with the constituents.",This statement istrue.
"Where is Skara Brae, the best preserved prehistoric village in northern Europe, located?","Skara Brae onOrkney, off the north coast of Scotland, is the best preserved prehistoric village in northern Europe."
Which of the following plays was written by William Shakespeare?,William Shakespeare’s most famous plays includeMacBeth.
Where was William the Conqueror from?,"William the Conqueror was the Duke of Normandy (now northernFrance). He defeated Harold, the Saxon king of England, at the Battle of Hastings in 1066."
How do you call the settlers from the Netherlands who went to war with the British in South Africa?,The British went to war in South Africa with settlers from the Netherlands called theBoers. The Boers fought fiercely and the war went on for over three years.
"In Northern Ireland, up to three specially trained magistrates or a District Judge are required for Youth Court cases.",This statement istrue.
What made Roger Bannister famous?,"Sir Roger Bannisterwas the first man in the world to run a mile in under four minutes, in 1954."
Who was invited to invade and rule England in 1688?,"In 1688, important Protestants in England askedWilliam of Orangeto invade England and proclaim himself king."
Who was defeated at the Battle of the Boyne?,William of Orange defeatedJames IIat the Battle of the Boyne in Ireland in 1690.
What did the Factories Act of 1847 introduce?,The Factories Act of 1847limited the number of hours that women and children could work to 10 hours per day.
What name is given to the group of MPs from the opposition?,Opposition MPs form theshadow cabinetand their role is to challenge the government and put forward alternative policies.
In which of the following matters can the Scottish Parliament legislate?,"The Scottish Parliament can legislate on: civil and criminal law, health,education, planning and additional tax-raising powers."
